{"cameraMode":{"drawMode":0,"name":"Shaded","section":"Shading Mode"},"sceneLighting":true,"audioPlay":false,"sceneViewState":{"showFog":true,"showMaterialUpdate":true,"showSkybox":true,"showFlares":true,"showImageEffects":true,"showParticleSystems":true},"in2DMode":false,"pivot":{"x":41.381935119628909,"y":34.960655212402347,"z":54.66470718383789},"rotation":{"x":0.17878109216690064,"y":0.18357788026332856,"z":-0.033975113183259967,"w":0.9660167694091797},"size":122.3308334350586,"orthographic":false}